captured_at,index,name,utilization_gpu_percent,memory_used_mib,memory_total_mib,temperature_c,power_w
2026-07-21T07:47:52.752496+00:00,0,NVIDIA RTX 4000 SFF Ada Generation,0.0,4.0,20475.0,44.0,13.23
2026-07-21T07:47:53.762020+00:00,0,NVIDIA RTX 4000 SFF Ada Generation,0.0,4.0,20475.0,44.0,13.26
2026-07-21T07:47:54.779262+00:00,0,NVIDIA RTX 4000 SFF Ada Generation,0.0,4.0,20475.0,44.0,13.3
2026-07-21T07:47:55.788919+00:00,0,NVIDIA RTX 4000 SFF Ada Generation,1.0,1432.0,20475.0,45.0,16.31
2026-07-21T07:47:56.797891+00:00,0,NVIDIA RTX 4000 SFF Ada Generation,100.0,3470.0,20475.0,51.0,55.64
2026-07-21T07:47:57.806634+00:00,0,NVIDIA RTX 4000 SFF Ada Generation,0.0,3862.0,20475.0,49.0,54.34
2026-07-21T07:47:58.815687+00:00,0,NVIDIA RTX 4000 SFF Ada Generation,100.0,3862.0,20475.0,50.0,65.04
2026-07-21T07:47:59.824819+00:00,0,NVIDIA RTX 4000 SFF Ada Generation,96.0,6192.0,20475.0,54.0,53.08
2026-07-21T07:48:00.833944+00:00,0,NVIDIA RTX 4000 SFF Ada Generation,100.0,6192.0,20475.0,53.0,67.6
2026-07-21T07:48:01.842922+00:00,0,NVIDIA RTX 4000 SFF Ada Generation,0.0,6192.0,20475.0,50.0,50.81
2026-07-21T07:48:02.851708+00:00,0,NVIDIA RTX 4000 SFF Ada Generation,0.0,6192.0,20475.0,50.0,39.38
2026-07-21T07:48:03.860705+00:00,0,NVIDIA RTX 4000 SFF Ada Generation,67.0,6192.0,20475.0,53.0,38.66
2026-07-21T07:48:04.869492+00:00,0,NVIDIA RTX 4000 SFF Ada Generation,80.0,6192.0,20475.0,52.0,62.52
2026-07-21T07:48:05.878461+00:00,0,NVIDIA RTX 4000 SFF Ada Generation,100.0,6192.0,20475.0,55.0,59.11
2026-07-21T07:48:06.887457+00:00,0,NVIDIA RTX 4000 SFF Ada Generation,80.0,6192.0,20475.0,54.0,53.57
2026-07-21T07:48:07.896433+00:00,0,NVIDIA RTX 4000 SFF Ada Generation,100.0,6192.0,20475.0,56.0,67.71
2026-07-21T07:48:08.905292+00:00,0,NVIDIA RTX 4000 SFF Ada Generation,0.0,6192.0,20475.0,53.0,59.04
2026-07-21T07:48:09.914180+00:00,0,NVIDIA RTX 4000 SFF Ada Generation,0.0,6192.0,20475.0,52.0,38.45
2026-07-21T07:48:10.922881+00:00,0,NVIDIA RTX 4000 SFF Ada Generation,0.0,6192.0,20475.0,51.0,34.15
2026-07-21T07:48:11.931938+00:00,0,NVIDIA RTX 4000 SFF Ada Generation,100.0,6192.0,20475.0,55.0,41.82
2026-07-21T07:48:12.941208+00:00,0,NVIDIA RTX 4000 SFF Ada Generation,0.0,6192.0,20475.0,53.0,60.13
2026-07-21T07:48:13.950349+00:00,0,NVIDIA RTX 4000 SFF Ada Generation,100.0,6192.0,20475.0,57.0,54.42
2026-07-21T07:48:14.959176+00:00,0,NVIDIA RTX 4000 SFF Ada Generation,0.0,6192.0,20475.0,54.0,53.45
2026-07-21T07:48:15.968065+00:00,0,NVIDIA RTX 4000 SFF Ada Generation,99.0,6192.0,20475.0,56.0,62.38
2026-07-21T07:48:16.976906+00:00,0,NVIDIA RTX 4000 SFF Ada Generation,99.0,6192.0,20475.0,57.0,67.74
2026-07-21T07:48:17.985820+00:00,0,NVIDIA RTX 4000 SFF Ada Generation,0.0,6192.0,20475.0,54.0,43.1
2026-07-21T07:48:18.994511+00:00,0,NVIDIA RTX 4000 SFF Ada Generation,0.0,6192.0,20475.0,53.0,39.12
2026-07-21T07:48:20.004125+00:00,0,NVIDIA RTX 4000 SFF Ada Generation,0.0,6192.0,20475.0,52.0,33.43
2026-07-21T07:48:21.012971+00:00,0,NVIDIA RTX 4000 SFF Ada Generation,0.0,6192.0,20475.0,52.0,27.8
2026-07-21T07:48:22.021859+00:00,0,NVIDIA RTX 4000 SFF Ada Generation,0.0,6192.0,20475.0,52.0,27.74
2026-07-21T07:48:23.030685+00:00,0,NVIDIA RTX 4000 SFF Ada Generation,0.0,6192.0,20475.0,52.0,27.71
2026-07-21T07:48:24.039930+00:00,0,NVIDIA RTX 4000 SFF Ada Generation,0.0,6192.0,20475.0,52.0,27.69
2026-07-21T07:48:25.048832+00:00,0,NVIDIA RTX 4000 SFF Ada Generation,0.0,6192.0,20475.0,52.0,27.72
2026-07-21T07:48:26.057643+00:00,0,NVIDIA RTX 4000 SFF Ada Generation,100.0,6192.0,20475.0,57.0,40.98
2026-07-21T07:48:27.072240+00:00,0,NVIDIA RTX 4000 SFF Ada Generation,0.0,6192.0,20475.0,54.0,52.28
2026-07-21T07:48:28.081030+00:00,0,NVIDIA RTX 4000 SFF Ada Generation,61.0,6192.0,20475.0,56.0,65.36
2026-07-21T07:48:29.090021+00:00,0,NVIDIA RTX 4000 SFF Ada Generation,100.0,6192.0,20475.0,59.0,52.99
2026-07-21T07:48:30.099127+00:00,0,NVIDIA RTX 4000 SFF Ada Generation,99.0,6192.0,20475.0,59.0,68.54
2026-07-21T07:48:31.107967+00:00,0,NVIDIA RTX 4000 SFF Ada Generation,0.0,6192.0,20475.0,56.0,52.83
2026-07-21T07:48:32.117080+00:00,0,NVIDIA RTX 4000 SFF Ada Generation,0.0,6192.0,20475.0,56.0,45.31
2026-07-21T07:48:33.126095+00:00,0,NVIDIA RTX 4000 SFF Ada Generation,0.0,6192.0,20475.0,54.0,39.56
2026-07-21T07:48:34.135157+00:00,0,NVIDIA RTX 4000 SFF Ada Generation,72.0,6192.0,20475.0,58.0,32.08
2026-07-21T07:48:35.144417+00:00,0,NVIDIA RTX 4000 SFF Ada Generation,81.0,6192.0,20475.0,57.0,68.57
2026-07-21T07:48:36.153683+00:00,0,NVIDIA RTX 4000 SFF Ada Generation,61.0,6192.0,20475.0,59.0,46.22
2026-07-21T07:48:37.163054+00:00,0,NVIDIA RTX 4000 SFF Ada Generation,0.0,6192.0,20475.0,57.0,60.92
2026-07-21T07:48:38.171681+00:00,0,NVIDIA RTX 4000 SFF Ada Generation,100.0,6192.0,20475.0,59.0,50.76
2026-07-21T07:48:39.181320+00:00,0,NVIDIA RTX 4000 SFF Ada Generation,100.0,6192.0,20475.0,62.0,67.62
2026-07-21T07:48:40.190052+00:00,0,NVIDIA RTX 4000 SFF Ada Generation,0.0,6192.0,20475.0,58.0,55.97
2026-07-21T07:48:41.198793+00:00,0,NVIDIA RTX 4000 SFF Ada Generation,0.0,6192.0,20475.0,57.0,43.83
2026-07-21T07:48:42.207906+00:00,0,NVIDIA RTX 4000 SFF Ada Generation,0.0,6192.0,20475.0,55.0,38.78
2026-07-21T07:48:43.216614+00:00,0,NVIDIA RTX 4000 SFF Ada Generation,0.0,6192.0,20475.0,55.0,33.48
2026-07-21T07:48:44.226084+00:00,0,NVIDIA RTX 4000 SFF Ada Generation,0.0,6192.0,20475.0,58.0,28.89
2026-07-21T07:48:45.234785+00:00,0,NVIDIA RTX 4000 SFF Ada Generation,100.0,6192.0,20475.0,60.0,70.12
2026-07-21T07:48:46.243749+00:00,0,NVIDIA RTX 4000 SFF Ada Generation,100.0,6192.0,20475.0,61.0,61.45
2026-07-21T07:48:47.252636+00:00,0,NVIDIA RTX 4000 SFF Ada Generation,66.0,6192.0,20475.0,61.0,58.85
2026-07-21T07:48:48.261692+00:00,0,NVIDIA RTX 4000 SFF Ada Generation,100.0,6192.0,20475.0,61.0,67.53
2026-07-21T07:48:49.270347+00:00,0,NVIDIA RTX 4000 SFF Ada Generation,0.0,6192.0,20475.0,59.0,56.32
2026-07-21T07:48:50.279006+00:00,0,NVIDIA RTX 4000 SFF Ada Generation,0.0,6192.0,20475.0,59.0,44.79
2026-07-21T07:48:51.287965+00:00,0,NVIDIA RTX 4000 SFF Ada Generation,0.0,6192.0,20475.0,57.0,40.42
